"last_name, first_name","player_id","year","arm_angle","ff_avg_speed","ff_avg_spin","ff_avg_break_z_induced"
"Mena, Cristian",691441,2024,48.2,"95.3","2444","17.6"
"Davidson, Tucker",656353,2024,58.6,"91.2","1953","16.5"
"Kinley, Tyler",641755,2024,45,"95.8","2364","14.9"
"Warren, Will",701542,2024,25,"93.8","2503","15"
"Lee, Dylan",669276,2024,45.4,"92.4","2251","19.1"
"Smith, Cade",671922,2024,37.6,"96","2280","16"
"Junis, Jakob",596001,2024,29.1,"92.5","2221","13.6"
"Herz, DJ",687792,2024,37.2,"93.5","2325","15.9"
"Hernandez, Jose E.",669796,2024,55.5,"93.1","2167","16.9"
"Skenes, Paul",694973,2024,23.3,"98.8","2244","10.6"
"Marte, Yunior",628708,2024,33.1,"97.2","2398","14.7"
"Ginn, J.T.",669372,2024,41.7,"92.3","2019","12.1"
"Clase, Emmanuel",661403,2024,53.1,"100.3","2543","11.9"
"Graceffo, Gordon",700669,2024,47.8,"93.6","1928","14.2"
"Domínguez, Seranthony",622554,2024,29.5,"97.7","2400","14.6"
"McMillon, John",669111,2024,40.7,"95.3","2225","16.8"
"Rodón, Carlos",607074,2024,45.4,"95.4","2384","17.8"
"Garrett, Reed",657585,2024,36.9,"96.8","2342","16.4"
"Gallegos, Giovanny",606149,2024,58.3,"92.2","2313","17.4"
"Kochanowicz, Jack",686799,2024,28.2,"96.2","2164","13.3"
"Doval, Camilo",666808,2024,19.3,"100","2455","5.8"
"Payamps, Joel",606303,2024,30.2,"94.8","2451","15.3"
"Brown, Ben",676962,2024,42.5,"96.4","2222","16.4"
"Jefferies, Daulton",641726,2024,30.9,"93.3","2369","15.4"
"Koenig, Jared",657649,2024,31.3,"96.1","2442","15.5"
"Headrick, Brent",687396,2024,35.9,"92.8","2371","18.4"
"Trevino, Jose",624431,2024,50.1,,,
"Kelly, Joe",523260,2024,28,"98.1","2177","13.1"
"Sterner, Justin",686993,2024,40.5,"93.4","2330","18.7"
"Castillo, Diego",650895,2024,32.9,"96.4","2030","10.8"
"Miller, Bobby",676272,2024,47.4,"97.6","2297","16.6"
"O'Loughlin, Jack",672552,2024,34,"91.8","2221","14"
"Ryan, Ryder",656924,2024,30.5,"94.1","2354","12.7"
"Garcia, Robert",676395,2024,24.5,"94.5","2226","13.6"
"Reynolds, Sean",669308,2024,40.6,"96.9","2444","17.9"
"Cueto, Johnny",456501,2024,32.6,"91.1","2117","14.5"
"Scott, Christian",681035,2024,32,"94.2","2235","15.4"
"Reyes Jr., Gerardo",622103,2024,23.4,"94.7","2333","16.8"
"Bruihl, Justin",677865,2024,39.5,,,
"Ramirez, Nick",598286,2024,29.2,"88.3","2179","11.3"
"Cisnero, José",542585,2024,27,"95.2","2418","16"
"Sewald, Paul",623149,2024,15.9,"91.4","2515","13.5"
"Soriano, George",666277,2024,21.4,"94.1","2124","11.2"
"Walker, Taijuan",592836,2024,40.6,"91.5","2070","17"
"Anderson, Nick",623433,2024,46.9,"94.7","2182","15.4"
"Crouse, Hans",668968,2024,26.1,"88.1","1635","13.3"
"Moore, Matt",519043,2024,43.9,"92.7","2249","17.4"
"Assad, Javier",665871,2024,54.8,"91.5","2036","16.5"
"Kremer, Dean",665152,2024,41,"93.4","2278","18"
"Johnson, Seth",686751,2024,53,"95.2","2319","20"
"Lovelady, Richard",663992,2024,18.6,"92.4","2344","14"
"Woods Richardson, Simeon",680573,2024,46.8,"93.1","2186","17.5"
"García, Deivi",665620,2024,39.2,"95.1","2256","17.3"
"Teheran, Julio",527054,2024,20.9,"90.9","2391","10.8"
"Kelly, Merrill",518876,2024,25.4,"91.9","2389","14.5"
"Boyd, Matthew",571510,2024,26.3,"92","2341","13.8"
"Festa, David",701581,2024,56.4,"94.7","2349","18"
"Lodolo, Nick",666157,2024,18.5,"94.2","2331","10.5"
"Lorenzen, Michael",547179,2024,42.6,"93.8","2387","15.6"
"Feyereisen, J.P.",656420,2024,46.6,"91.7","2423","18.7"
"Francis, Bowden",670102,2024,40.2,"92.9","2364","17.9"
"Webb, Jacob",657097,2024,32,"93.5","2466","16.5"
"Martinez, Justin",679885,2024,42,"100.5","2229","13.6"
"Banda, Anthony",607455,2024,34.3,"96.1","2184","14.3"
"Chafin, Andrew",605177,2024,49.9,"91.7","2172","16.5"
"Ramírez, Erasmo",541640,2024,36.1,"90.6","2238","15.3"
"Poteet, Cody",547001,2024,39.1,"93.3","2415","15.5"
"Puk, A.J.",640462,2024,28.5,"95.6","2266","14.3"
"Snell, Blake",605483,2024,57.1,"95.9","2435","18.7"
"Verlander, Justin",434378,2024,54.8,"93.5","2395","19.3"
"Rodriguez, Yariel",684320,2024,39.8,"93.9","2360","11.7"
"Peralta, Sammy",671111,2024,12.1,"88.8","2156","6.9"
"Banks, Tanner",621383,2024,48.8,"93.6","2257","15.7"
"Tyler, Kyle",667725,2024,61.5,"90.6","2107","11.8"
"Lucchesi, Joey",664192,2024,45,"89.6","2175","13"
"Bowlan, Jonathan",680742,2024,43,"95.6","2248","18.8"
"Farmer, Buck",571656,2024,29.8,"92.7","2362","14.1"
"Núñez, Dedniel",673380,2024,38.8,"96.3","2520","16.1"
"González, Victor",624647,2024,24.9,"92","2584","9.8"
"Iglesias, Raisel",628452,2024,33.5,"95.6","2299","15.3"
"Varland, Gus",681402,2024,48.4,"95.3","2370","18.1"
"Woo, Bryan",693433,2024,26.9,"94.8","2280","15.3"
"Aldegheri, Sam",691951,2024,37.9,"92.2","2289","15.7"
"Saucedo, Tayler",642048,2024,21.9,"91.4","2419","13.9"
"Anderson, Chase",502624,2024,42.8,"93.6","2242","15.6"
"Latz, Jacob",656641,2024,50.6,"94.9","2337","18.5"
"Kristofak, Zac",670219,2024,40.7,"92.7","2397","16"
"Leahy, Kyle",681517,2024,46,"95.5","2273","16.2"
"Guenther, Sean",674944,2024,44.8,"90.3","2090","15.5"
"Bubic, Kris",663460,2024,41.1,"93","2364","17.8"
"Alexander, Tyler",641302,2024,35.9,"89.7","2301","17.7"
"Pint, Riley",666207,2024,26.1,"94.9","2282","9.2"
"Graterol, Brusdar",660813,2024,37.2,"97.6","2112","13.5"
"Kitchen, Austin",685116,2024,28.8,"90.2","1915","10"
"Lopez, Jacob",682052,2024,24.2,"90.6","2134","11.8"
"Weems, Jordan",607179,2024,48.9,"96","2102","16.8"
"Williams, Devin",642207,2024,23.4,"94.7","2356","15.8"
"Allen, Logan",671106,2024,44.6,"91.2","2139","15.8"
"de Geus, Brett",676969,2024,31.5,"98","2280","11.5"
"Abbott, Andrew",671096,2024,45,"92.8","2254","16.3"
"Meyer, Max",676974,2024,46.1,"94.1","2386","15.1"
"Falter, Bailey",663559,2024,56,"91.8","2039","17.7"
"Speier, Gabe",642100,2024,28.2,"93","2187","15.3"
"Castillo, Luis",622491,2024,15.3,"95.6","2155","12.2"
"Brebbia, John",605154,2024,40.7,"93.8","2284","17.6"
"Minter, A.J.",621345,2024,42.6,"94.5","2421","17.1"
"La Sorsa, Joe",686747,2024,19.4,"90.2","2102","12.6"
"King, Bryan",687911,2024,37.1,"92.1","2223","14.7"
"McDonald, Trevor",686790,2024,32.1,"93.6","1991","8.3"
"Walker, Ryan",676254,2024,17.1,"94.7","2225","8.7"
"Priester, Quinn",682990,2024,42.6,"93.1","2219","13.9"
"Honeywell Jr., Brent",641703,2024,45.1,"94.8","2162","16.1"
"Whitley, Forrest",666215,2024,38.2,"97.1","2351","15"
"Wheeler, Zack",554430,2024,24.6,"95.3","2431","14.6"
"Wacha, Michael",608379,2024,51.5,"93.6","2131","17.9"
"Luzardo, Jesús",666200,2024,39.3,"95.2","2209","15.4"
"Madden, Ty",680744,2024,39.7,"94.4","2293","17.1"
"Hader, Josh",623352,2024,34,"95","2365","19.7"
"Bielak, Brandon",656232,2024,45.6,"91.9","2432","15.1"
"McKenzie, Triston",663474,2024,53.9,"91.1","2229","19.7"
"Gonzales, Marco",594835,2024,37.2,"89.7","2089","15.3"
"McFarland, T.J.",519008,2024,13.8,,,
"Tonkin, Michael",543859,2024,13.2,"93.2","2345","11.3"
"Aguiar, Julian",687924,2024,28.4,"94.3","2092","13.3"
"Black, Mason",696131,2024,21.9,"92.4","2128","14.4"
"Gómez, Yoendrys",672782,2024,41.6,"92.4","2348","16.2"
"Scherzer, Max",453286,2024,29.3,"92.5","2299","15.9"
"Smyly, Drew",592767,2024,51.6,"90.1","2220","15.8"
"Lawrence, Justin",664875,2024,-2.2,"95.2","2431","4.7"
"Springs, Jeffrey",605488,2024,42.5,"89.8","2127","16.7"
"Abreu, Bryan",650556,2024,45.2,"96.7","2356","16.7"
"Smith, Burch",572143,2024,39.1,"94.9","2283","17.2"
"Kelly, Casey",543391,2024,52,"90.9","2256","17"
"Cano, Yennier",666974,2024,17.6,"96.5","2297","7.8"
"Stephens, Jackson",623451,2024,42.6,"92.3","2039","12.8"
"Kershaw, Clayton",477132,2024,56.7,"89.9","2270","17.2"
"Zastryzny, Rob",642239,2024,41.5,"91.5","2504","12.6"
"Keller, Mitch",656605,2024,34.7,"94.5","2403","14.4"
"Rea, Colin",607067,2024,34.5,"93","2173","13.8"
"Stripling, Ross",548389,2024,61.3,"91.7","2144","18.1"
"Schmidt, Clarke",657376,2024,35.4,"93.2","2672","14.8"
"Manaea, Sean",640455,2024,22.1,"92.2","2013","10.8"
"Johnson, Pierce",572955,2024,39.2,"95.5","2329","15.9"
"Altavilla, Dan",656186,2024,23.5,"96.8","2313","13.3"
"Chargois, JT",608638,2024,27.5,"94.5","2369","11.8"
"Oller, Adam",670124,2024,39.2,"93.8","2201","17.2"
"Neris, Héctor",593576,2024,39.9,"92.9","2403","16.8"
"Buttó, José",676130,2024,33.4,"94.2","2404","15.3"
"Bolton, Cody",675989,2024,32.8,"94.8","2349","12.2"
"Herget, Jimmy",623474,2024,0.6,"92.2","2326","8.3"
"Rivera, Emmanuel",656896,2024,18.6,,,
"Elder, Bryce",693821,2024,54.3,"91.5","2154","15.7"
"Leasure, Jordan",673929,2024,52,"96.1","2274","17.8"
"Molina, Anthony",683627,2024,50.7,"94.8","2114","15.3"
"Corbin, Patrick",571578,2024,38.5,"91.2","2151","14.5"
"Leone, Dominic",608678,2024,40.5,"94.9","2316","16.2"
"Bermudez, Jonathan",642834,2024,30.5,"89.1","2141","12.6"
"Clevinger, Mike",605182,2024,40.9,"93.4","2364","17.3"
"Heaney, Andrew",571760,2024,29.5,"91.6","2401","13.8"
"Bird, Jake",656234,2024,20.6,"94.7","1971","9.6"
"Megill, Tylor",656731,2024,36.7,"95.7","2218","16.2"
"Hernández, Jonathan",642546,2024,26.1,"96.7","2282","12.7"
"Ottavino, Adam",493603,2024,24.8,"93.2","2366","14.2"
"Rasmussen, Drew",656876,2024,54,"97.4","2535","18"
"Whitlock, Garrett",676477,2024,29.5,,,
"Keller, Brad",641745,2024,49.4,"93.8","2242","13.7"
"Gibson, Kyle",502043,2024,45.1,"91.4","2233","16"
"Pennington, Walter",679156,2024,28.7,"89.6","2241","7.9"
"Holman, Grant",680880,2024,46.1,"94.4","1923","15.9"
"Lambert, Peter",663567,2024,53.7,"94.5","2234","16.1"
"Vodnik, Victor",680767,2024,42.6,"98","2279","14"
"Zuber, Tyler",676604,2024,35,"94.9","2383","15.9"
"Barlow, Scott",605130,2024,28.4,"91.4","2386","10.3"
"Erceg, Lucas",668674,2024,42.5,"98.6","2174","15.1"
"Rodríguez, Randy",678495,2024,36.7,"97.6","2518","16.6"
"Smith, Will",519293,2024,45.5,"91.2","2215","17.1"
"Yarbrough, Ryan",642232,2024,13.5,"86.7","1884","9.6"
"Kilian, Caleb",668873,2024,51.2,"93.6","2133","15.6"
"Mikolas, Miles",571945,2024,43.3,"93.2","2255","13.8"
"Robertson, Nick",687798,2024,32.4,"94.3","2096","15.3"
"Hartlieb, Geoff",664129,2024,35.8,"97.1","2489","11.3"
"Foster, Matt",641582,2024,50.2,"91.9","2251","17.6"
"Stewart, Brock",592779,2024,27.4,"97","2590","14.1"
"Mlodzinski, Carmen",669387,2024,26.4,"96.2","2289","13.4"
"Sánchez, Sixto",664350,2024,33.7,"93.8","2119","14.4"
"Soriano, José",667755,2024,36,"98.8","2180","12.4"
"Pruitt, Austin",643493,2024,54.8,"91.6","2333","14.4"
"Bush, Ky",681066,2024,48.4,"91.7","2150","16.9"
"Finnegan, Kyle",640448,2024,50.4,"97.2","2085","15.8"
"Robertson, David",502085,2024,44.7,,,
"Estévez, Carlos",608032,2024,42,"96.8","2124","17.1"
"Borucki, Ryan",621366,2024,28.7,,,
"Civale, Aaron",650644,2024,45.8,"92","2389","18.4"
"Schwellenbach, Spencer",680885,2024,33.2,"96.1","2265","13.4"
"Basso, Brady",669620,2024,56,"92.2","2317","15.8"
"Olson, Reese",681857,2024,38.4,"94.2","2230","14.3"
"Detmers, Reid",672282,2024,45.4,"93.8","2133","17.9"
"Antone, Tejay",622088,2024,30.1,"93.9","2461","12.7"
"López, Reynaldo",625643,2024,41.9,"95.5","2073","16.4"
"Spence, Mitch",687765,2024,47.4,,,
"Wilson, Bryse",669060,2024,45.8,"93.6","2100","15.4"
"Tinoco, Jesus",622786,2024,25.4,"96.4","2359","13.9"
"Zulueta, Yosver",691172,2024,28.9,"95.8","2186","9.1"
"Rainey, Tanner",663432,2024,37.7,"94","2399","18.3"
"Henriquez, Ronny",678692,2024,43.2,"95.7","2444","18.2"
"Soto, Gregory",642397,2024,36.2,"98","2275","12.8"
"Vesia, Alex",681911,2024,61.5,"93.4","2399","20.3"
"Romano, Jordan",605447,2024,50.3,"96.4","2247","17.8"
"Birdsong, Hayden",806185,2024,41.5,"95.8","2291","16.4"
"Ribalta, Orlando",687377,2024,44.6,"96","2600","18.2"
"Frías, Luis",666818,2024,48.6,"95.8","2227","16.5"
"Chapman, Aroldis",547973,2024,52.5,"97.8","2368","17.3"
"Soroka, Michael",647336,2024,37.5,"93.5","2528","16.3"
"Garrett, Braxton",666129,2024,42.4,"90.7","2237","14.9"
"Stratton, Hunter",676702,2024,37.4,"95.5","2606","15.1"
"Walston, Blake",686796,2024,32.8,"91.5","2090","14.7"
"Santos, Gregory",666619,2024,33.5,,,
"Hudson, Bryan",663542,2024,13.4,"91.3","2287","12.2"
"Peterson, David",656849,2024,40.9,"93.2","2140","13.6"
"Brieske, Beau",689225,2024,49.1,"95.9","2505","18.1"
"Hernández, Elieser",622694,2024,39.9,"91.8","2251","18.1"
"Tate, Dillon",622253,2024,26.1,,,
"McGough, Scott",543518,2024,46.8,"93.1","2356","18.3"
"Pepiot, Ryan",686752,2024,41.8,"94.9","2379","19.4"
"Snead, Kirby",669912,2024,15.4,"92.6","2393","11.4"
"Helsley, Ryan",664854,2024,59.6,"99.6","2551","17.5"
"Miller, Shelby",571946,2024,46,"93.5","2418","18"
"Hoffman, Jeff",656546,2024,39.6,"96.7","2610","17.6"
"Ureña, José",570632,2024,31.3,"96.4","2141","13"
"Cronin, Declan",686539,2024,21.9,"93.9","2650","13.7"
"Rogers, Josh",642028,2024,35.5,"89.5","2179","13.3"
"Smith, Drew",622098,2024,41.2,"94.7","2554","17.7"
"Effross, Scott",664123,2024,-2.9,"89.8","2233","4.4"
"Uwasawa, Naoyuki",683822,2024,50.6,"89.8","2431","18.2"
"Rutledge, Jackson",671131,2024,38,"95.9","2396","15.9"
"Nittoli, Vinny",657697,2024,19,,,
"Montgomery, Mason",682254,2024,52.6,"97.3","2321","19.1"
"Wilson, Steven",621051,2024,43.3,"93.5","2439","18.3"
"Silseth, Chase",681217,2024,33.5,"93.7","2420","16.3"
"Hancock, Emerson",676106,2024,27.4,"93.4","2387","13.6"
"Jackson, Jay",543351,2024,32,"91.9","2245","16.1"
"Maldonado, Anthony",687424,2024,36.4,"93.1","2371","17.2"
"Rodríguez, Manuel",655889,2024,46.8,"96.7","2345","15.6"
"Morton, Charlie",450203,2024,20.8,"94.1","2249","10.5"
"Gomber, Austin",596295,2024,53.1,"90.4","2180","17"
"Moll, Sam",594580,2024,16.5,"93.3","2565","11.3"
"Foley, Jason",671345,2024,30.9,"97.2","2208","12.9"
"Leibrandt, Brandon",605335,2024,51.7,"88.7","2134","15.6"
"Peguero, Elvis",665625,2024,24.1,,,
"Sale, Chris",519242,2024,10.9,"94.9","2240","10.1"
"Long, Sam",669674,2024,55.9,"94.3","2346","17"
"Lazar, Max",676661,2024,55.7,"93.4","2323","13.6"
"Kirby, George",669923,2024,36.6,"96","2233","15.8"
"Beeks, Jalen",656222,2024,49.5,"94.5","2177","15.4"
"Bowman, Matt",621199,2024,36.3,"93.7","2044","13.3"
"Alexander Jr., Scott",518397,2024,36.6,,,
"Lamet, Dinelson",659275,2024,46.8,"93.7","2366","13.4"
"Hendricks, Kyle",543294,2024,43,"87.7","2087","14.4"
"García, Yimi",554340,2024,27.4,"96.5","2587","14.9"
"Cosgrove, Tom",676680,2024,11.1,"90.3","2405","9.5"
"Steele, Justin",657006,2024,45.8,"91.6","2419","13.2"
"Mederos, Victor",682989,2024,36.9,"97.1","2339","15.3"
"Musgrove, Joe",605397,2024,35.5,"93","2635","12.6"
"Salazar, Eduardo",674285,2024,33.5,"95.5","2237","13.5"
"Strzelecki, Peter",657265,2024,19.9,"92.3","2458","12.8"
"Sears, JP",676664,2024,21.4,"91.9","2087","14.8"
"Kikuchi, Yusei",579328,2024,41.9,"95.5","2289","16.9"
"Paxton, James",572020,2024,42.3,"93.2","2090","13.8"
"Ginkel, Kevin",656464,2024,40.3,"96","2421","15"
"Wesneski, Hayden",669713,2024,49.7,"94.6","2114","12.5"
"Brazobán, Huascar",623211,2024,38.3,"96.6","2197","14"
"Woodford, Jake",663765,2024,27.5,"91.3","2203","10.8"
"Hurter, Brant",676428,2024,29.5,"92.1","2081","10.6"
"Faedo, Alex",656412,2024,32.5,"94","2459","16.6"
"Gutierrez, Vladimir",661269,2024,41.6,"92.7","2077","14.1"
"Ramirez, Emmanuel",642629,2024,60.8,"93.9","2292","17.8"
"Lugo, Seth",607625,2024,32.6,"92.2","2366","15.4"
"López, Pablo",641154,2024,38.3,"95","2206","14.5"
"Hurt, Kyle",669165,2024,41.6,"94.9","1970","15.3"
"Kelly, Zack",677161,2024,36,"96.5","2168","14.9"
"Henriquez, Edgardo",683618,2024,49.4,"98.7","2424","12.5"
"Sborz, Josh",622250,2024,49.9,"95.1","2394","19.2"
"Penrod, Zach",683068,2024,44.4,"94.8","2360","18.3"
"Staumont, Josh",622251,2024,48,"94.2","2357","18.1"
"Chirinos, Yonny",630023,2024,44.7,"93","2194","14.6"
"Hamilton, Ian",641656,2024,40.3,"96.4","2266","14.8"
"Thompson, Zack",668868,2024,55.2,"90.7","1750","15.4"
"Megill, Trevor",656730,2024,54.6,"98.8","2455","17.9"
"Cruz, Steven",674444,2024,32.2,"98","2230","14.5"
"Liberatore, Matthew",669461,2024,45.2,"94.7","2115","16.3"
"Feigl, Brady",621399,2024,54.1,"92.7","2211","17.8"
"Junk, Janson",676083,2024,54.5,"93.8","2322","18.7"
"Kerr, Ray",678061,2024,32.3,"95.2","2313","15.7"
"Pressly, Ryan",519151,2024,57.2,"93.8","2557","16.4"
"Cuas, Jose",621016,2024,3.1,"91.6","2368","9.4"
"Alzolay, Adbert",640470,2024,42.2,"94.7","2326","17.2"
"Beck, Tristan",663941,2024,44.8,"93.1","2086","16.5"
"Mantiply, Joe",573009,2024,14.8,"89.4","2152","9.9"
"Canning, Griffin",656288,2024,45.2,"93.4","2118","16.2"
"Nance, Tommy",667297,2024,43.7,"93.8","2325","12.7"
"White, Mitch",669952,2024,41,"94.1","2258","16.3"
"McArthur, James",663704,2024,31.9,"94.7","2402","13.4"
"Martinez, Seth",661527,2024,12.9,"90.8","2112","10.9"
"Baz, Shane",669358,2024,38.4,"95.6","2419","17.5"
"Mahle, Tyler",641816,2024,43,"91.4","2317","17.5"
"Ray, Robbie",592662,2024,46.9,"94.1","2320","18"
"Adams, Austin",613534,2024,10.8,"93.4","2666","10.6"
"Kopech, Michael",656629,2024,44.6,"98.7","2620","18.2"
"Gordon, Tanner",685299,2024,46.7,"92.1","2186","15.1"
"Jarvis, Bryce",686826,2024,35.9,"95.7","2107","14.3"
"Coulombe, Danny",543056,2024,58.2,"90.8","2398","14.7"
"Daniel, Davis",669721,2024,48.7,"91.5","2121","16.9"
"Bieber, Shane",669456,2024,42.2,"92","2304","17.5"
"McDermott, Chayce",694646,2024,42.3,"94","2130","18.3"
"Smith-Shawver, AJ",700363,2024,50.9,"96.2","2165","16.2"
"Warren, Austin",681810,2024,31.1,"94","2332","15.3"
"Rodriguez, Grayson",680570,2024,37.6,"96.1","2286","15.9"
"Miller, Bryce",682243,2024,43.1,"95.2","2485","18.3"
"Carasiti, Matt",571539,2024,36.4,"94.6","2156","13.1"
"Espino, Paolo",502179,2024,47.2,"88.2","2198","18.1"
"Anderson, Justin",605121,2024,35.7,"96","2271","15.6"
"Bello, Brayan",678394,2024,28.2,"95.7","2194","12.6"
"Iriarte, Jairo",683568,2024,30.8,"94.1","2266","13.4"
"Vines, Darius",670241,2024,44.9,"90.8","2226","17.9"
"Duffey, Tyler",608648,2024,24.8,"90.8","2346","13"
"Bummer, Aaron",607481,2024,7.3,"93.6","2300","10.4"
"Kelly, Michael",547184,2024,36.3,"95.1","2353","13.2"
"Loáisiga, Jonathan",642528,2024,42.3,"98.4","2388","15.3"
"Burr, Ryan",621114,2024,57.5,"94.1","2179","16.8"
"Merryweather, Julian",657240,2024,55.2,"96","2236","16.5"
"Treinen, Blake",595014,2024,31.4,"94.3","2437","13.1"
"Little, Luke",681432,2024,26.3,"95.8","2240","9.1"
"Vespi, Nick",663989,2024,48.9,,,
"Bradford, Cody",674003,2024,56.6,"89.8","2100","18.3"
"Vest, Will",676684,2024,46.4,"96.1","2162","15.4"
"Waldrep, Hurston",694462,2024,55.7,"95.8","2161","13.8"
"Eisert, Brandon",685126,2024,34.5,"91.2","2097","16.9"
"Quantrill, Cal",615698,2024,45.7,"94","2214","15.1"
"Bickford, Phil",641360,2024,24.9,"93.3","2190","14.8"
"Young, Alex",622065,2024,30.4,"88.7","2458","12"
"Veneziano, Anthony",685107,2024,35.9,"94.8","2261","15.3"
"Bradish, Kyle",680694,2024,58,"94.5","2397","13.9"
"Reid-Foley, Sean",656887,2024,45.9,"94.9","2207","17.8"
"Otañez, Michel",671305,2024,32.5,"98","2444","16.6"
"Emanuel, Kent",592288,2024,24,,,
"Diaz, Yilber",700270,2024,43,"96.1","2259","15.6"
"Bukauskas, J.B.",656266,2024,18.7,,,
"Stratton, Chris",608717,2024,35.1,"91.8","2405","15"
"Quintana, Jose",500779,2024,44.6,"90.7","2073","16.2"
"Anderson, Shaun",641312,2024,45.3,"91.3","2512","13.3"
"Senzatela, Antonio",622608,2024,46.3,"94.7","2187","11.1"
"Pallante, Andre",669467,2024,58.8,"94.5","2247","9.4"
"Flexen, Chris",623167,2024,70.1,"91.3","2144","18.2"
"Yates, Kirby",489446,2024,21.5,"93.2","2357","14.8"
"Beeter, Clayton",690925,2024,53.5,"95.2","2369","18.8"
"Holton, Tyler",663947,2024,42.9,"92","2295","16.4"
"Matthews, Zebby",805673,2024,42,"94.9","2230","16.9"
"Germán, Domingo",593334,2024,30.6,"90.7","2596","16.1"
"Santana, Dennis",642701,2024,32.3,"95.8","2512","15.4"
"Roupp, Landen",694738,2024,26.5,"93.7","2014","10"
"Hall, DL",669084,2024,43.3,"93.3","2133","14.3"
"Eovaldi, Nathan",543135,2024,32.6,"95.4","2188","11.7"
"Blach, Ty",621389,2024,21,"90.4","2075","5.6"
"Paredes, Enoli",660600,2024,42.5,"93.9","2455","13.6"
"Brown, Hunter",686613,2024,57.4,"96","2298","17.5"
"Buchanan, David",571527,2024,53.8,"89.7","2032","7"
"O'Brien, Riley",676617,2024,31.3,"96.1","2139","12.3"
"Bassitt, Chris",605135,2024,35.3,"92.6","2162","13.1"
"Arrighetti, Spencer",681293,2024,24.6,"94.1","2306","15.3"
"Hjelle, Sean",663546,2024,28.1,"94.8","2369","4.9"
"Díaz, Edwin",621242,2024,20.2,"97.5","2349","13.2"
"Maile, Luke",571912,2024,42.3,,,
"Hernandez, Nick",663321,2024,47.3,"90.8","2622","19"
"Ortiz, Luis",682847,2024,21.8,"95.9","2277","11.3"
"Villalobos, Eli",681871,2024,46.9,"93.3","2281","17.5"
"Ashby, Aaron",676879,2024,47.6,"96.7","2209","13.4"
"Sands, Cole",663485,2024,25.9,"95.7","2297","13.8"
"Toussaint, Touki",657053,2024,32.3,"91.8","2207","11.8"
"Jacob, Alek",689690,2024,-1.2,"87.1","2326","12"
"Thornton, Trent",663423,2024,35,"95.5","2500","16.2"
"Zerpa, Angel",672582,2024,31.7,"95.8","2039","11.2"
"Hanifee, Brenan",669724,2024,32.6,"95.6","2069","12.6"
"Harris, Hogan",663687,2024,49.4,"92.9","2256","16.9"
"Lively, Ben",594902,2024,37.7,"89.9","2007","15.3"
"Barnes, Jacob",606930,2024,43.1,"95.4","2465","16.7"
"García, Luis",472610,2024,48.1,"96.1","2188","14.2"
"Muñoz, Andrés",662253,2024,29.1,"98.4","2256","13.4"
"Peralta, Freddy",642547,2024,36.9,"94.3","2436","16.7"
"Ober, Bailey",641927,2024,35,"91.7","2303","16.8"
"Peralta, Wandy",593974,2024,42.9,"95.4","2157","14.3"
"Adon, Joan",672851,2024,34,"94.8","2174","13.7"
"Burrows, Mike",681347,2024,50.1,"94.5","2178","17"
"Hill, Rich",448179,2024,19.1,"86.3","2140","13.2"
"Povich, Cade",700249,2024,40.8,"92.4","2320","16.7"
"Andriese, Matt",542882,2024,43.2,"91.1","2371","16"
"McGreevy, Michael",700241,2024,35.9,"93","2209","12.5"
"Lucas, Easton",687922,2024,47.6,"94.2","2207","17.2"
"Gasser, Robert",688107,2024,24.7,"93.2","2196","13.2"
"Wrobleski, Justin",680736,2024,41,"95.1","2367","16.4"
"Fernandez, Ryan",681676,2024,52.7,"95.5","2172","16.6"
"Robert, Daniel",642016,2024,35.2,"94.9","2523","15.1"
"Myers, Tobias",668964,2024,60.6,"92.9","2225","19.1"
"Curtiss, John",595928,2024,40.5,"93.8","2274","16.9"
"Armstrong, Shawn",542888,2024,39.9,"93.3","2311","16.1"
"Rogers, Trevor",669432,2024,22.7,"91.9","2431","14.8"
"Burnes, Corbin",669203,2024,43.7,"96.3","1805","8.7"
"Imanaga, Shota",684007,2024,39.5,"91.7","2442","18.3"
"Leiter, Jack",683004,2024,50.4,"96.4","2347","18"
"Bido, Osvaldo",674370,2024,33.9,"94.8","2386","16.1"
"Rogers, Tyler",643511,2024,-64.1,"82.3","1961","-7"
"Cecconi, Slade",677944,2024,37.3,"94.4","2356","14.7"
"Winder, Josh",680739,2024,44.4,"95.2","2108","14.7"
"Curry, Xzavion",675540,2024,59.8,"92.1","2090","18.2"
"Pearson, Nate",663878,2024,40.3,"97.7","2254","16.5"
"Maeda, Kenta",628317,2024,38.5,"90.8","2284","15.5"
"Cleavinger, Garrett",664076,2024,35,"96.4","2342","16.6"
"Fedde, Erick",607200,2024,37.3,"93.1","2065","11.5"
"Logue, Zach",656657,2024,21.4,"91.7","1972","13.4"
"Taylor, Troy",700187,2024,30.6,"97","2405","12.4"
"Lowder, Rhett",695076,2024,30.6,"93.5","2349","14.8"
"Scott, Tayler",605463,2024,13.2,"92.7","2125","10.4"
"Gaddis, Hunter",683769,2024,34.3,"95.4","2327","16.4"
"Voth, Austin",608723,2024,37.4,"93.6","2303","16.7"
"Allard, Kolby",663465,2024,48.1,"90","2041","16.7"
"Yamamoto, Yoshinobu",808967,2024,45.6,"95.5","2158","15.6"
"Matz, Steven",571927,2024,36.4,"90.2","2000","10.6"
"Horn, Bailey",690544,2024,41.5,"95","2411","14.9"
"Fleming, Josh",676596,2024,27.7,,,
"Marinaccio, Ron",676760,2024,33.9,"93.6","2210","15.7"
"Blackburn, Paul",621112,2024,49.6,"91.9","2181","16.7"
"Fairbanks, Pete",664126,2024,55.6,"97.3","2341","18.3"
"Phillips, Tyler",663969,2024,29.2,"92.7","2314","9.6"
"Gillaspie, Logan",670810,2024,50.2,"94.9","2232","17"
"Mercado, Michael",675650,2024,36.9,"95.4","2288","16.4"
"Williamson, Brandon",682227,2024,46,"92.6","2134","16.2"
"Knack, Landon",689017,2024,53.2,"93.5","2448","19.1"
"Williams, Trevor",592866,2024,16.9,"88.9","2191","10.9"
"Suárez, Ranger",624133,2024,41.9,"91.8","2010","12.3"
"Wingenter, Trey",622259,2024,29,"97.1","2141","14.6"
"Jansen, Kenley",445276,2024,61.8,,,
"Sabrowski, Erik",681870,2024,51.3,"92.6","2577","20.1"
"Anderson, Grant",681982,2024,-2.9,"92.2","2357","10"
"Burdi, Nick",595897,2024,23.7,"97.5","2387","13.6"
"Nelson, Ryne",669194,2024,47.6,"95.2","2216","18.3"
"Javier, Cristian",664299,2024,38.4,"91.7","2301","20"
"Gilbreath, Lucas",656458,2024,45.7,"92.2","2276","14.6"
"Nola, Aaron",605400,2024,20.1,"92.5","2308","14.6"
"Wilson, Justin",458677,2024,48.5,"95.5","2213","17.6"
"Blalock, Bradley",687134,2024,62.2,"93.5","2022","17.2"
"Palencia, Daniel",694037,2024,36.4,"98.2","2239","16.1"
"Nardi, Andrew",677053,2024,46.7,"94","2294","17.3"
"Sims, Lucas",608371,2024,38.1,"94.2","2613","17.5"
"Jobe, Jackson",695549,2024,43.9,"97","2358","17.4"
"King, John",667463,2024,27,"93.6","2223","7.3"
"Winn, Keaton",676775,2024,39.9,"95.7","2303","15.2"
"Dunning, Dane",641540,2024,38.3,"89.2","2162","14.9"
"Gore, MacKenzie",669022,2024,47.2,"96","2309","17.6"
"Valdez, Framber",664285,2024,42.7,"94.8","2155","5.9"
"Ellard, Fraser",686642,2024,26.9,"95.1","2572","14.3"
"Strickland, Hunter",519326,2024,31.7,"94.2","2317","15"
"Bradley, Taj",671737,2024,54.4,"96.4","2304","18.7"
"Romero, JoJo",668941,2024,32,"95.1","2253","13.1"
"Zuñiga, Guillo",670871,2024,25.1,"96.9","2286","13.3"
"Selby, Colin",681882,2024,49.8,"94.8","2154","16.5"
"Strahm, Matt",621381,2024,30.8,"93.4","2497","16.2"
"Scott, Tanner",656945,2024,35.3,"97","2567","16.8"
"Gray, Sonny",543243,2024,48.9,"92.3","2515","12"
"Gallen, Zac",668678,2024,41.2,"93.7","2293","16.9"
"Bloss Jr., Jake",814005,2024,46.1,"93.4","2439","18.1"
"Spiers, Carson",686730,2024,30.1,"92.4","2325","15.8"
"Means, John",607644,2024,45.1,"90.5","2378","19.6"
"Shaw, Bryan",543766,2024,40,,,
"Rocker, Kumar",677958,2024,34,"96","2146","12.5"
"Pinto, Ricardo",620982,2024,47.8,"93.8","2064","15.3"
"Sammons, Bryan",676614,2024,33.9,"91.5","2121","15.9"
"Snider, Collin",676092,2024,20.3,"94.2","2576","10.3"
"Nelson, Nick",656793,2024,48.1,"94.4","1903","16.1"
"Ashcraft, Graham",668933,2024,49,,,
"Avila, Nick",687014,2024,53.7,"94.5","2212","17.1"
"Gray, Jon",592351,2024,32.4,"94.9","2029","13.4"
"Hernández, Daysbel",678226,2024,40,"97.4","2366","16.4"
"Stanek, Ryne",592773,2024,45.8,"97.8","2330","17.9"
"Holderman, Colin",670059,2024,28.8,"97.1","2389","12.1"
"Faucher, Calvin",676534,2024,50.1,"96","2324","16.5"
"Gray, Josiah",680686,2024,31.1,"92.7","2096","16.9"
"Newcomb, Sean",656794,2024,38.8,"93.7","2376","17.4"
"Funderburk, Kody",681892,2024,36.8,,,
"Kittredge, Andrew",552640,2024,39.2,"94","2523","14.4"
"Flaherty, Jack",656427,2024,28.3,"93.3","2258","15.4"
"Weathers, Ryan",677960,2024,35.6,"95.9","2318","15.1"
"Hicks, Jordan",663855,2024,29.4,"95.3","2126","13.2"
"Holmes, Grant",656550,2024,40,"94.6","2308","14.8"
"Criswell, Jeff",676105,2024,33.3,"95.4","2329","11.7"
"Montas, Frankie",593423,2024,42.7,"95.6","2387","15.3"
"Hill, Tim",657612,2024,-20,"90.7","2154","3.9"
"Irvin, Jake",663623,2024,28.6,"93.9","2377","14.3"
"Miller, Tyson",668338,2024,17.1,"89.6","2169","10.2"
"Harrison, Kyle",690986,2024,23.7,"92.5","2203","10.8"
"Alvarado, José",621237,2024,65.2,"96.8","2078","16.9"
"Manoah, Alek",666201,2024,39.4,"93.3","2397","16.2"
"Heller, Ben",621294,2024,28.8,"96.4","2345","13.4"
"Barnes, Matt",598264,2024,44.4,"91.4","2124","16.6"
"Sulser, Cole",642121,2024,42.8,"92.2","2338","18.2"
"Pérez, Martín",527048,2024,47,"91.5","2086","15.2"
"Suarez, José",660761,2024,40.3,"93","2341","17.7"
"Jiménez, Joe",641729,2024,31.4,"94.5","2398","17.2"
"Pagán, Emilio",641941,2024,41.5,"94.6","2553","18.3"
"Adam, Jason",592094,2024,35.1,"95.5","2653","18.5"
"Hodge, Porter",687863,2024,40.7,"95.5","2409","14.4"
"Kimbrel, Craig",518886,2024,26.1,"93.9","2316","15.5"
"Contreras, Luis",664351,2024,47,"91.8","2561","17.7"
"Cortes Jr., Nestor",641482,2024,47.1,"92","2307","19"
"Cabrera, Edward",665795,2024,42,"96.3","2249","15.5"
"Berroa, Prelander",672860,2024,51.2,"97.6","2362","17"
"Manning, Matt",666159,2024,45.5,"93.8","2229","17.6"
"deGrom, Jacob",594798,2024,34.1,"97.3","2504","17.4"
"Alcala, Jorge",660896,2024,49.2,"98.1","2472","17.5"
"Akin, Keegan",669211,2024,42.4,"93.9","2419","18.3"
"Lange, Alex",656638,2024,43.2,"96.4","2298","14.7"
"Mize, Casey",663554,2024,43.3,"95.5","2260","16.3"
"Medina, Luis",665622,2024,42.2,"95.9","2369","15.2"
"Chavez, Jesse",445926,2024,21.6,,,
"Leclerc, José",600917,2024,40.4,"95.3","2534","17.3"
"De Los Santos, Enyel",660853,2024,24.8,"95.5","2203","13"
"Senga, Kodai",673540,2024,44.7,"95.8","2349","17.2"
"Joyce, Ben",690829,2024,27.9,"102.1","2291","13.3"
"Gillispie, Connor",687362,2024,38.5,"92.2","2295","17.2"
"Parsons, Wes",641149,2024,37.4,"94.8","2334","17"
"Cabrera, Génesis",650893,2024,45,"96","2265","17.5"
"Leiter Jr., Mark",643410,2024,50.4,"91.9","1972","16.6"
"Winans, Allan",642216,2024,31.5,"90","2232","13.5"
"Montero, Rafael",606160,2024,34.5,"95.4","2427","15.8"
"Nastrini, Nick",680897,2024,44.9,"93.7","2370","18.7"
"Blewett, Scott",656240,2024,49.6,"93.6","2302","16.2"
"Ferguson, Caleb",657571,2024,39,"93.8","2218","15.3"
"Davis, Austin",656354,2024,24.2,,,
"Gilbert, Logan",669302,2024,43.9,"96.6","2034","16.2"
"Hudson, Daniel",543339,2024,30.6,"95.1","2494","15.4"
"Estrada, Jeremiah",669093,2024,64.1,"97.2","2224","19.5"
"López, Jorge",605347,2024,36.1,"95.6","2024","13.8"
"Chivilli, Angel",683409,2024,40.1,"96.1","2258","11.4"
"France, J.P.",641585,2024,44.3,"92.2","2366","17.6"
"Thorpe, Drew",689672,2024,51.8,"91","2190","16.8"
"Bender, Anthony",669622,2024,18,"95.5","2337","12.7"
"Kolek, Stephen",663568,2024,35.2,"95.8","2255","13.9"
"Sánchez, Cristopher",650911,2024,32.2,,,
"Pop, Zach",647315,2024,29.7,"97.1","2268","3"
"Matsui, Yuki",673513,2024,56.6,"92.2","2439","19.8"
"Weaver, Luke",596133,2024,46.9,"95.7","2462","18.5"
"Campbell, Isaiah",663462,2024,48.2,"93.6","2421","18.5"
"Crawford, Brandon",543063,2024,39.1,"87.7","1965","14.4"
"Strider, Spencer",675911,2024,45.9,"96.3","2260","17.3"
"Neely, Jack",680891,2024,34.1,"96.1","2199","16.7"
"Boushley, Caleb",676961,2024,45.1,"90.3","2369","13.8"
"Herget, Kevin",643361,2024,51.3,"92.9","2209","17.7"
"Montero, Keider",672456,2024,43,"94.7","2165","15.6"
"Casparius, Ben",676508,2024,43.1,"95.5","2400","15.2"
"Hudson, Dakota",641712,2024,35.9,"90","2115","8"
"Parker, Mitchell",680730,2024,52.1,"92.5","2191","17.6"
"Suárez, Albert",544150,2024,40,"94.8","2385","16.4"
"Orze, Eric",679358,2024,45.1,"94","2186","16.9"
"Fulmer, Carson",608334,2024,37.8,"93.1","2274","16.3"
"Jackson, Luke",592426,2024,53.5,"94.7","2295","17.9"
"Kuhnel, Joel",669270,2024,34.8,"94.5","2169","14.9"
"Holmes, Clay",605280,2024,49.1,"97.7","2304","9.5"
"Skubal, Tarik",669373,2024,48.3,"96.9","2226","16.3"
"Milner, Hoby",571948,2024,-2.7,"88.8","2027","7.1"
"Estes, Joey",683155,2024,37.3,"92.4","2376","16.6"
"Maciejewski, Josh",656671,2024,36.8,"90.9","2174","10.5"
"Mattson, Isaac",676755,2024,49.1,"94","2357","19.3"
"Duarte, Daniel",650960,2024,39.3,"96.1","2337","16"
"Guerrero, Luis",692285,2024,33,"97.5","2235","16.4"
"Williams, Gavin",668909,2024,35.4,"96.6","2310","15.3"
"Marte, José",665896,2024,28.6,"96.5","2265","13.6"
"Wicks, Jordan",696136,2024,49.7,"92.5","2315","17.6"
"Matzek, Tyler",554431,2024,50.2,"93.6","2392","17.4"
"Hartwig, Grant",701643,2024,13.6,"95.4","2244","10.4"
"Cousins, Jake",664776,2024,24,"94.9","2248","14.3"
"Irvin, Cole",608344,2024,40,"91.9","2026","15.2"
"Klein, Will",694361,2024,49.9,"97","2157","17"
"Castellanos, Humberto",528748,2024,17.6,"89.5","2039","9.4"
"Legumina, Casey",668984,2024,17.2,"93.4","2332","12.6"
"Vanasco, Ricky",676568,2024,51.4,"94.7","2253","17.6"
"Severino, Luis",622663,2024,40.9,"96.2","2220","15.7"
"Maton III, Phil",664208,2024,30.6,,,
"Uceta, Edwin",670955,2024,16.8,"94.2","2394","14.5"
"Santillan, Tony",663574,2024,28,"97.2","2362","13.9"
"Baker, Bryan",641329,2024,56.9,"96.3","2271","17.5"
"Rogers, Taylor",573124,2024,29.1,,,
"Miller, Ryan",668943,2024,32.8,"93.6","2146","14"
"Dobnak, Randy",677976,2024,19.6,"93.3","2083","7.5"
"Young, Danny",664849,2024,16.1,,,
"Keuchel, Dallas",572971,2024,45.8,,,
"Dubin, Shawn",681869,2024,39.6,"95","2343","16.2"
"Ross, Joe",605452,2024,34.7,"94.8","2122","13.8"
"Martinez, Nick",607259,2024,58.6,"92.6","2342","17.9"
"Hernández, Carlos",672578,2024,39.3,"97.9","2412","17"
"Dana, Caden",702674,2024,44.2,"93.7","2159","16.9"
"Brogdon, Connor",641401,2024,33.3,"92.8","2328","16.8"
"Fried, Max",608331,2024,48.5,"93.8","2222","11"
"McCaughan, Darren",670766,2024,29.6,"89.5","2149","14.5"
"Rodriguez, Eduardo",593958,2024,39.5,"92","2266","14.4"
"Beede, Tyler",595881,2024,31.1,"93.7","1858","10"
"Jiménez, Dany",666204,2024,61.3,"92.5","2179","17.5"
"Sandoval, Patrick",663776,2024,52.9,"93.7","2035","16.1"
"Petersen, Michael",656848,2024,48.2,"97.1","2268","17.7"
"Henry, Tommy",674072,2024,42.6,"89.8","2159","15.6"
"Roberts, Ethan",681799,2024,31.9,"91.3","2478","15.2"
"Castro, Miguel",612434,2024,12.4,"94.8","2214","8.1"
"Jacques, Joe",682175,2024,10.1,,,
"Vásquez, Randy",681190,2024,36.8,"94.3","2420","15.9"
"Varland, Louis",686973,2024,41.2,"96.3","2157","15.9"
"Lynch IV, Daniel",663738,2024,39.2,"92.9","2207","15.1"
"Crawford, Kutter",676710,2024,47.7,"92.6","2505","19.7"
"Cole, Gerrit",543037,2024,42.5,"95.9","2361","17.6"
"Cimber, Adam",643256,2024,-22.9,"85","2264","7.2"
"Contreras, Roansy",672710,2024,48.6,"94.7","2328","17.4"
"Hill, Jaden",677955,2024,23.5,"96.7","2286","12.6"
"Herrin, Tim",682120,2024,30.5,"95.5","2405","12.7"
"Brooks, Aaron",605156,2024,41.2,"92.1","1998","14"
"Gilbert, Tyler",656457,2024,17.2,"92","2149","11.3"
"Halvorsen, Seth",678020,2024,41.1,"100","2242","14"
"Miller, Mason",695243,2024,34,"100.9","2507","16.6"
"Ort, Kaleb",672391,2024,43.5,"97.5","2437","19.1"
"Montgomery, Jordan",656756,2024,45.6,"92.1","2294","15.1"
"Winckowski, Josh",670174,2024,51,"95.1","2144","14.5"
"Nicolas, Kyle",693312,2024,44.4,"97.4","2377","17"
"Roycroft, Chris",688297,2024,21.1,"95","2209","9.4"
"Englert, Mason",669438,2024,33.1,"92.8","2196","15.4"
"Mears, Nick",683232,2024,60.8,"96.7","2318","18.1"
"Wentz, Joey",666214,2024,49.7,"93.7","2236","17.4"
"Crochet, Garrett",676979,2024,37.6,"97.2","2500","15.6"
"Vieira, Thyago",600986,2024,46.9,"97.7","2282","16.3"
"Bivens, Spencer",702352,2024,31.9,"94.5","1971","11.6"
"Fitts, Richard",690916,2024,54.2,"94.5","2436","17.2"
"Garabito, Gerson",642520,2024,43.7,"93.4","2390","16.4"
"Rodriguez, Carlos",692230,2024,34.5,"93.2","2183","14.8"
"Busenitz, Alan",641427,2024,39.6,"94.3","2336","16"
"Ragans, Cole",666142,2024,45.1,"95.4","2553","17.3"
"Grove, Michael",675627,2024,56.7,"94","2429","17.5"
"Bednar, David",670280,2024,40.8,"97.2","2468","18.2"
"Boyle, Joe",671212,2024,48.2,"97.7","2506","16.4"
"Kerkering, Orion",689147,2024,31.1,"97.6","2355","15.6"
"Devenski, Chris",606965,2024,43.5,"93","2377","17.4"
"Muñoz, Roddery",682610,2024,37.8,"95.4","2269","15"
"Kelly, Kevin",687330,2024,3,"92","2179","12.2"
"Buehler, Walker",621111,2024,45.7,"95","2280","16.7"
"Peralta, Luis",678821,2024,33.1,"95","2201","13.9"
"Bernardino, Brennan",657514,2024,18.4,,,
"Garrett, Amir",607237,2024,39.9,"95.5","2144","15.8"
"Taillon, Jameson",592791,2024,45,"92.3","2283","16.1"
"Eflin, Zach",621107,2024,27.2,"92.5","2204","12.8"
"Berríos, José",621244,2024,39.6,"94.1","2164","15"
"Shuster, Jared",694363,2024,39.7,"92.5","2192","14.7"
"Winn, Cole",668390,2024,41.1,"95.4","2400","17.1"
"Booser, Cam",592155,2024,39.1,"95.3","2087","16.1"
"Feltner, Ryan",663372,2024,42,"94.6","2354","13.4"
"Houser, Adrian",605288,2024,40.5,"93.6","2213","15.8"
"Phillips, Evan",623465,2024,25.6,"96.2","2399","15.3"
"Rosenberg, Kenny",670046,2024,46.5,"90.2","2189","17.6"
"Brewer, Colten",605155,2024,35.3,"94.3","2231","12.1"
"Kuhl, Chad",641771,2024,25.7,"95","2191","10.6"
"Suarez, Robert",663158,2024,45.8,"99.1","2423","18.1"
"Ruiz, José",614179,2024,44.8,"96.4","2316","17.5"
"Duran, Jhoan",661395,2024,33.6,"100.5","2035","12.2"
"Díaz, Alexis",664747,2024,10,"93.9","2613","13.1"
"Okert, Steven",595345,2024,33.5,"93","2199","14.5"
"Almonte, Yency",622075,2024,39.4,"94","2147","14"
"Harvey, Hunter",640451,2024,44.1,"97.8","2045","16.7"
"Thompson, Keegan",624522,2024,37.7,"93.5","2513","14.3"
"Morejon, Adrian",670970,2024,42.9,"96.9","2487","16.4"
"Avila, Pedro",658648,2024,45.1,"93.4","2247","13.1"
"Ryan, River",689981,2024,37.7,"96.3","2433","15.1"
"Paddack, Chris",663978,2024,45.9,"93.3","2214","17"
"Cannon, Jonathan",686563,2024,25.1,"94.3","2195","14"
"Gose, Anthony",543238,2024,47.9,"95.7","2243","16"
"Freeland, Kyle",607536,2024,27.3,"91.6","2355","14.4"
"Richards, Trevor",670950,2024,52.3,"92.3","2249","19.7"
"Morgan, Eli",669212,2024,45.7,"92.2","2252","16.5"
"Pivetta, Nick",601713,2024,56.4,"93.9","2311","19.9"
"King, Michael",650633,2024,29.2,"93.7","2286","15"
"Blanco, Ronel",669854,2024,46.5,"93.4","2228","18.5"
"Allen, Logan",663531,2024,43.7,"91.3","1975","16.2"
"Houck, Tanner",656557,2024,22.2,"94.8","2395","-1.1"
"Sauer, Matt",669422,2024,44.6,"95.1","2132","16.3"
"Pfaadt, Brandon",694297,2024,27.7,"93.8","2557","14.8"
"Mazur, Adam",800049,2024,49.8,"94.6","2109","17.2"
"Kahnle, Tommy",592454,2024,35,"94.2","2144","15.3"
"Stone, Gavin",694813,2024,47,"94.9","2237","16.4"
"Márquez, Germán",608566,2024,40.3,"96.1","2236","15.8"
"Burke, Sean",680732,2024,41.4,"95.3","2546","18.6"
"Rodríguez, Joely",570257,2024,31.3,,,
"Ramírez, Yohan",670990,2024,26.4,"94.8","2338","13.3"
"Ryan, Joe",657746,2024,25.7,"94","2278","13.9"
"Ferguson, Tyler",621053,2024,26.8,"95.9","2350","14.1"
"Criswell, Cooper",681867,2024,12.4,,,
"Wood, Alex",622072,2024,18.1,"88","1908","11.2"
"Hentges, Sam",656529,2024,39.2,"95.1","2229","15"
"Crismatt, Nabil",622503,2024,34.5,"90.7","2208","14.6"
"Thompson, Ryan",657044,2024,-5.8,"92.5","2184","7.1"
"Miley, Wade",489119,2024,49.7,"90.1","2258","17.6"
"Adcock, Ty",686654,2024,47.2,"96.6","2157","15.6"
"Raley, Brooks",548384,2024,32.9,,,
"Mushinski, Parker",656786,2024,47.7,"92.1","2455","13.7"
"Greene, Hunter",668881,2024,32,"97.6","2378","16.6"
"Jones, Jared",683003,2024,44.6,"97.3","2537","17.1"
"Lynn, Lance",458681,2024,32,"92.3","2455","13.1"
"Miller, Erik",669062,2024,37,"96.9","2273","16.1"
"Singer, Brady",663903,2024,27.8,"91.7","2365","13.6"
"Sandlin, Nick",680704,2024,11.8,"92.6","2357","12"
"Cruz, Fernando",518585,2024,45.4,"94.7","2281","17"
"Pérez, Cionel",672335,2024,37.2,"96.5","2134","14.5"
"Bachar, Lake",669199,2024,34.5,"94.2","2718","17.7"
"Walters, Andrew",689958,2024,39.2,"95.9","2567","17.6"
"Waguespack, Jacob",621097,2024,69.5,"93.6","2137","18.3"
"Cobb, Alex",502171,2024,36.3,"94.2","2091","13.7"
"Hoeing, Bryan",663773,2024,35.1,"94.4","2056","12.2"
"Brasier, Ryan",518489,2024,41.6,"94.5","2234","16.4"
"Schreiber, John",670167,2024,9.3,"92.8","2107","8.5"
"Rodríguez, Yerry",666720,2024,27.5,"96.4","2440","13.8"
"Festa, Matt",670036,2024,27.6,"91.8","2448","12.1"
"Hughes, Brandon",676714,2024,23.4,"92.4","2350","14.8"
"Poche, Colin",621363,2024,65,"91.2","2226","18.9"
"Law, Derek",571882,2024,51.1,"95.1","2111","16.6"
"Uribe, Abner",682842,2024,42.1,"99.8","2425","11.8"
"Glasnow, Tyler",607192,2024,57.9,"96.3","2556","16.3"
"Gibaut, Ian",664139,2024,43.7,"93.6","2061","14.9"
"Green, Chad",643338,2024,44.7,"95.5","2460","18"
"Jax, Griffin",643377,2024,45.8,"97.1","2486","16.2"
"Stroman, Marcus",573186,2024,32.5,"89.9","2303","10.7"
"Teng, Kai-Wei",678906,2024,23.8,"93.8","2508","11.3"
"Gausman, Kevin",592332,2024,36.2,"94","2287","17"
"Brzykcy, Zach",694350,2024,48.4,"94","2188","18.3"
"Loutos, Ryan",702795,2024,33.5,"94.1","1816","10.8"
"Quijada, José",650671,2024,36.2,"93.9","2230","16.4"
"Slaten, Justin",686580,2024,51.7,"96.4","2394","19.1"
"Carrasco, Carlos",471911,2024,35.7,"91.7","2181","10.7"
"Ferrer, Jose A.",678606,2024,35.4,"98.3","2150","10.4"
"Floro, Dylan",571670,2024,37.4,"89.7","2169","14.2"
"Gil, Luis",661563,2024,35.9,"96.6","2438","17.2"
"Díaz, Jhonathan",646242,2024,32.1,"90.2","2129","13.5"
"Burke, Brock",656271,2024,40.9,"95.8","2242","16.1"
"Littell, Zack",641793,2024,41.5,"92.4","2023","16.9"
"Heasley, Jonathan",669169,2024,53,"93.1","2222","18.7"
"Turnbull, Spencer",605513,2024,24.6,"92","2499","9.6"
"Webb, Logan",657277,2024,22.1,"92.6","2061","9.2"
"Cantillo, Joey",676282,2024,55.3,"92.2","1881","17.1"
"Lyles, Jordan",543475,2024,43,"90.8","2129","16"
"Mayza, Tim",641835,2024,41.9,"89.4","2021","15.7"
"Bellozo, Valente",678368,2024,45.6,"89.2","2090","15.9"
"Weissert, Greg",669711,2024,15.7,"93.9","2297","13.1"
"Brito, Jhony",666745,2024,54.7,"96.4","2139","13.8"
"Waldron, Matt",663362,2024,28.6,"90.7","2064","14.3"
"Swanson, Erik",657024,2024,51,"93.9","2271","17.7"
"Davis, Noah",663562,2024,31.7,"93.9","2385","12.4"
"Plesac, Zach",668676,2024,56.6,"90.2","2020","18.4"
"Little, Brendon",663893,2024,34.7,,,
"Dunshee, Parker",670161,2024,34.7,"92.8","2119","14.2"
"Diekman, Jake",518617,2024,19.7,"94.7","2299","11.1"
"Walker, Josh",677020,2024,42.3,"94.2","2268","17"
"Zeferjahn, Ryan",666171,2024,37.9,"97.3","2105","15.3"
"Anderson, Tyler",542881,2024,57.7,"89.5","2196","19.7"
"Bazardo, Eduard",660825,2024,44.1,"94.4","2101","16"
"Darvish, Yu",506433,2024,39.9,"94.1","2317","16.9"
"Marsh, Alec",679525,2024,32.3,"94.2","2499","14.9"
"Shugart, Chase",663767,2024,35.3,"96.1","2117","14.8"
"White, Owen",669391,2024,45.3,"94.4","2333","15.8"
"Bibee, Tanner",676440,2024,51.2,"94.6","2361","15.8"
"Howard, Spencer",675921,2024,41.8,"93.8","2096","16.3"
"Jay, Tyler",664079,2024,34.9,"91.7","1994","13.2"
"Muller, Kyle",666205,2024,52.8,"92.6","2371","15.9"
"Baumann, Mike",657508,2024,48.8,"96.5","2285","18"
"Wells, Tyler",669330,2024,50.5,"92.5","2377","19"
"Martin, Davis",663436,2024,39.4,"93.6","2384","16"
"Nelson, Kyle",669459,2024,42.4,"90.2","2159","16.6"
"Bigge, Hunter",685801,2024,51.2,"97.5","2370","19"
"Cease, Dylan",656302,2024,53.4,"96.9","2557","18.4"
"Suter, Brent",608718,2024,55.7,"85.9","2223","12.9"
"Martin, Chris",455119,2024,40.6,"94.7","2172","15.5"
"Thielbar, Caleb",573204,2024,54.2,"93.2","2275","18.3"